variable,is_semantic_error,expected_detection,severity_weight,caught_any,is_stress,smt_caught,shacl_caught,owl_caught,rdf_caught
is_semantic_error,1.000000,0.472263,0.909009,0.251576,-0.595123,0.179244,0.251576,0.173290,
expected_detection,0.472263,1.000000,0.588730,0.869113,-0.281054,0.726191,0.869113,0.366935,
severity_weight,0.909009,0.588730,1.000000,0.382652,-0.540972,0.377954,0.382652,0.439647,
caught_any,0.251576,0.869113,0.382652,1.000000,-0.191526,0.883231,1.000000,0.318908,
is_stress,-0.595123,-0.281054,-0.540972,-0.191526,1.000000,-0.149752,-0.191526,-0.103129,
smt_caught,0.179244,0.726191,0.377954,0.883231,-0.149752,1.000000,0.883231,0.361069,
shacl_caught,0.251576,0.869113,0.382652,1.000000,-0.191526,0.883231,1.000000,0.318908,
owl_caught,0.173290,0.366935,0.439647,0.318908,-0.103129,0.361069,0.318908,1.000000,
rdf_caught,,,,,,,,,
